{
    "Decisions": [
        {
            "DecisionType": 0,
            "MinimumRequiredOfBest": 0.10000000149011612,
            "Choices": [
                {
                    "ChoiceType": 1,
                    "ChoiceName": "",
                    "Weight": 1.0,
                    "Momentum": 0.0,
                    "Considerations": [
                        {
                            "FactType": 1,
                            "GraphType": 2,
                            "Slope": -0.6000000238418579,
                            "Exp": 6.0,
                            "XShift": 1.0,
                            "YShift": 0.800000011920929,
                            "InputMin": 5.0,
                            "InputMax": 20.0
                        },
                        {
                            "FactType": 2,
                            "GraphType": 2,
                            "Slope": 0.6000000238418579,
                            "Exp": 6.0,
                            "XShift": 1.0,
                            "YShift": 0.20000000298023225,
                            "InputMin": 0.0,
                            "InputMax": 180.0
                        }
                    ]
                },
                {
                    "ChoiceType": 2,
                    "ChoiceName": "",
                    "Weight": 1.0,
                    "Momentum": 0.0,
                    "Considerations": [
                        {
                            "FactType": 1,
                            "GraphType": 2,
                            "Slope": 0.6000000238418579,
                            "Exp": 6.0,
                            "XShift": 1.0,
                            "YShift": 0.20000000298023225,
                            "InputMin": 5.0,
                            "InputMax": 20.0
                        },
                        {
                            "FactType": 2,
                            "GraphType": 2,
                            "Slope": -0.6000000238418579,
                            "Exp": 6.0,
                            "XShift": 1.0,
                            "YShift": 0.800000011920929,
                            "InputMin": 0.0,
                            "InputMax": 180.0
                        }
                    ]
                }
            ]
        }
    ]
}